URL,Last Modified
https://www.mass.gov/doc/developing-your-workshare-plan-a-guide-for-employers/download,2025-10-22T10:51:53-04:00
https://www.mass.gov/doc/kindergarten-instructions-mini-guide/download,2025-10-22T11:31:15-04:00
https://www.mass.gov/doc/policy-05-02-voluntary-agreements-not-to-practice-medicine-reaffirmed-may-1-2025/download,2025-10-22T12:27:33-04:00
https://www.mass.gov/doc/plympton-comcast-072025/download,2025-10-22T11:02:33-04:00
https://www.mass.gov/doc/tewksbury-comcast-092025/download,2025-10-22T08:35:41-04:00
https://www.mass.gov/doc/grade-7-instructions-mini-guide/download,2025-10-22T11:33:56-04:00
https://www.mass.gov/doc/servicemember-cases/download,2025-10-22T08:31:26-04:00
https://www.mass.gov/doc/tax-lien-cases/download,2025-10-22T08:32:03-04:00
https://www.mass.gov/doc/upcoming-lsp-board-approved-courses/download,2025-10-22T11:05:26-04:00
https://www.mass.gov/doc/ja-v-city-of-cambridge-31518/download,2025-10-22T12:03:01-04:00
https://www.mass.gov/doc/dbe-letter-of-intentschedule-of-participation-form/download,2025-10-22T09:40:56-04:00
https://www.mass.gov/doc/dbe-project-expenditure-report/download,2025-10-22T09:41:41-04:00
https://www.mass.gov/doc/mwbe-project-expenditure-report/download,2025-10-22T09:43:09-04:00
https://www.mass.gov/doc/mwbe-letter-of-intent-loischedule-of-participation-form/download,2025-10-22T09:42:27-04:00
https://www.mass.gov/doc/dcr-division-of-water-supply-protection-forestry-summary-1053/download,2025-10-22T15:03:58-04:00
https://www.mass.gov/doc/dcr-division-of-water-supply-protection-forestry-summary-1054/download,2025-10-22T15:04:54-04:00
https://www.mass.gov/doc/dcr-division-of-water-supply-protection-forestry-summary-1055/download,2025-10-22T15:12:39-04:00
https://www.mass.gov/doc/massachusetts-rules-of-appellate-procedure/download,2025-10-22T11:53:58-04:00
https://www.mass.gov/doc/dcr-dwsp-foresty-summary-project-1056/download,2025-10-22T15:11:41-04:00
https://www.mass.gov/doc/westfield-comcast-032025/download,2025-10-22T12:58:16-04:00
https://www.mass.gov/doc/fringe-benefit-for-tax-reporting-for-tax-year-2025/download,2025-10-22T12:35:41-04:00
https://www.mass.gov/doc/massdot-aeronautics-project-closeout-form/download,2025-10-22T09:40:03-04:00
https://www.mass.gov/doc/massdot-aeronautics-application-for-assistance-grant-application-form/download,2025-10-22T09:39:19-04:00
https://www.mass.gov/doc/miscellaneous-cases/download,2025-10-22T08:32:37-04:00
https://www.mass.gov/doc/fiscal-year-of-massgis-parcel-data-status-map/download,2025-10-22T11:32:48-04:00
https://www.mass.gov/doc/massgis-parcel-data-download-links-table/download,2025-10-22T11:34:03-04:00
https://www.mass.gov/doc/dia-staff-directory/download,2025-10-22T17:09:20-04:00
https://www.mass.gov/doc/wachusett-watershed-events/download,2025-10-22T16:15:47-04:00
https://www.mass.gov/doc/masshealth-abimfp-waiver-medical-records-release-form/download,2025-10-22T13:33:19-04:00
https://www.mass.gov/doc/masshealth-abimfp-waiver-medical-records-release-form-0/download,2025-10-22T13:33:40-04:00
https://www.mass.gov/doc/sponsor-administration-change-form/download,2025-10-22T09:45:20-04:00
https://www.mass.gov/doc/construction-change-order-form/download,2025-10-22T09:44:05-04:00
https://www.mass.gov/doc/engineering-supplemental-agreement-form/download,2025-10-22T09:44:42-04:00
https://www.mass.gov/doc/shirley-comcast-072022/download,2025-10-22T13:17:46-04:00
https://www.mass.gov/doc/massdot-aeronautics-contract-approval-form/download,2025-10-22T09:45:58-04:00
https://www.mass.gov/doc/grade-12-instructions-mini-guide/download,2025-10-22T11:35:40-04:00
https://www.mass.gov/doc/climate-leader-communities-municipal-decarbonization-roadmap/download,2025-10-22T13:17:49-04:00
https://www.mass.gov/doc/dcr-dwsp-forestry-summary-project-1062/download,2025-10-22T15:09:52-04:00
https://www.mass.gov/doc/policy-24-02-physician-reentry-plan-amended-march-27-2025/download,2025-10-22T12:27:59-04:00
https://www.mass.gov/doc/masshealth-doula-provider-information-sheet/download,2025-10-22T12:19:21-04:00
https://www.mass.gov/doc/masshealth-doula-provider-information-sheet-0/download,2025-10-22T12:19:07-04:00
https://www.mass.gov/doc/dcr-division-of-water-supply-protection-forestry-summary-2059/download,2025-10-22T15:08:56-04:00
https://www.mass.gov/doc/board-of-social-workers-meeting-agenda-102825/download,2025-10-22T07:51:47-04:00
https://www.mass.gov/doc/dcr-dwsp-forestry-summary-project-1063/download,2025-10-22T15:10:41-04:00
https://www.mass.gov/doc/dcr-division-of-water-supply-protection-forestry-summary-1064/download,2025-10-22T15:07:46-04:00
https://www.mass.gov/doc/board-of-social-workers-meeting-agenda-102825-0/download,2025-10-22T07:51:47-04:00
https://www.mass.gov/doc/2025-data-release-schedule/download,2025-10-22T11:03:44-04:00
https://www.mass.gov/doc/project-fact-sheet-i-495i-90-interchange-improvements/download,2025-10-22T13:53:03-04:00
https://www.mass.gov/doc/dcr-dwsp-forestry-summary-project-1065/download,2025-10-22T15:13:36-04:00
https://www.mass.gov/doc/december-2025-mdcs-training-calendar/download,2025-10-22T11:03:04-04:00
https://www.mass.gov/doc/policy-25-01-resignations-and-voluntary-agreements-not-to-practice-approved-may-1-2025/download,2025-10-22T12:27:02-04:00
https://www.mass.gov/doc/epr-commission-comments/download,2025-10-22T10:14:04-04:00
https://www.mass.gov/doc/prf85/download,2025-10-22T12:21:41-04:00
https://www.mass.gov/doc/2025-list-of-mercury-added-product-collection-sites/download,2025-10-22T11:13:50-04:00
https://www.mass.gov/doc/second-quarter-2025-enforcement-bulletin/download,2025-10-22T12:48:43-04:00
https://www.mass.gov/doc/saporito-v-mtrs-cr-24-0039/download,2025-10-22T13:50:46-04:00
https://www.mass.gov/doc/candidate-copy-bls-exam-schedule/download,2025-10-22T07:59:37-04:00
https://www.mass.gov/doc/candidate-copy-bls-exam-schedule-0/download,2025-10-22T08:00:33-04:00
https://www.mass.gov/doc/draft-guidance-on-site-suitability-assessments-for-clean-energy-infrastructure/download,2025-10-22T16:39:49-04:00
https://www.mass.gov/doc/berkshire-training-and-employment-inc-fy26-pv/download,2025-10-22T11:21:20-04:00
https://www.mass.gov/doc/brockton-area-workforce-investment-fy26-pv/download,2025-10-22T11:20:52-04:00
https://www.mass.gov/doc/city-of-boston-fy26-pv/download,2025-10-22T11:20:27-04:00
https://www.mass.gov/doc/city-of-fall-river-fy26-pv/download,2025-10-22T11:19:57-04:00
https://www.mass.gov/doc/city-of-lawrence-fy26-pv/download,2025-10-22T11:19:31-04:00
https://www.mass.gov/doc/city-of-lowell-fy26-pv/download,2025-10-22T11:19:06-04:00
https://www.mass.gov/doc/city-of-quincy-fy26-pv/download,2025-10-22T11:18:33-04:00
https://www.mass.gov/doc/city-of-salem-fy26-pv/download,2025-10-22T11:18:05-04:00
https://www.mass.gov/doc/city-of-worcester-fy26-pv/download,2025-10-22T11:17:41-04:00
https://www.mass.gov/doc/franklin-hampshire-employment-training-consortium-fy26-pv/download,2025-10-22T11:17:14-04:00
https://www.mass.gov/doc/job-training-employment-corp-fy26-pv/download,2025-10-22T11:16:51-04:00
https://www.mass.gov/doc/masshire-gr-n-bedford-wkfc-bd-fy26-pv/download,2025-10-22T11:16:09-04:00
https://www.mass.gov/doc/masshire-hampden-county-workforce-bd-inc-fy26-pv/download,2025-10-22T11:15:44-04:00
https://www.mass.gov/doc/metro-north-regional-employment-board-fy26-pv/download,2025-10-22T11:15:18-04:00
https://www.mass.gov/doc/metro-south-west-workfore-board-fy26-pv/download,2025-10-22T11:14:48-04:00
https://www.mass.gov/doc/north-central-ma-wkfc-board-inc-fy26-pv/download,2025-10-22T11:14:20-04:00
https://www.mass.gov/doc/topic-3-multi-year-and-formula-based-rates-expert-presentations/download,2025-10-22T20:29:36-04:00
https://www.mass.gov/doc/dignity-alliance-sep-2025-transmission-of-alr-proposals-to-elected-officials/download,2025-10-22T11:58:32-04:00
https://www.mass.gov/doc/dignity-alliance-sep-2025-transmission-of-proposals-to-alr-commission/download,2025-10-22T12:00:08-04:00
https://www.mass.gov/doc/topic-3-multi-year-and-formula-based-rates-targeted-conversation/download,2025-10-22T20:29:16-04:00
https://www.mass.gov/doc/crtf-meeting-2-slides-arabic/download,2025-10-22T12:20:17-04:00
https://www.mass.gov/doc/crtf-meeting-1-minutes-arabic/download,2025-10-22T12:20:17-04:00
https://www.mass.gov/doc/crtf-meeting-1-agenda-arabic/download,2025-10-22T12:20:17-04:00
https://www.mass.gov/doc/crtf-meeting-2-slides-amharic/download,2025-10-22T12:20:17-04:00
https://www.mass.gov/doc/crtf-meeting-1-minutes-amharic/download,2025-10-22T12:20:17-04:00
https://www.mass.gov/doc/crtf-meeting-1-agenda-amharic/download,2025-10-22T12:20:17-04:00
https://www.mass.gov/doc/sea-view-v-eohhs-rs-16-0533/download,2025-10-22T13:49:32-04:00
https://www.mass.gov/doc/brutus-v-eovs-vs-25-0516/download,2025-10-22T13:50:20-04:00
https://www.mass.gov/doc/proposed-fee-schedule-revisions-thru-oct-14-2025/download,2025-10-22T14:17:14-04:00
https://www.mass.gov/doc/foodborne-and-waterborne-illness-10-year-morbidity-report/download,2025-10-22T08:14:16-04:00
https://www.mass.gov/doc/allston-multimodal-task-force-meeting-presentation-101625/download,2025-10-22T10:23:20-04:00
https://www.mass.gov/doc/munich-re-certified-public-notice/download,2025-10-22T07:42:16-04:00
https://www.mass.gov/doc/partner-re-europe-se-certified-public-notice/download,2025-10-22T07:43:20-04:00
https://www.mass.gov/doc/renaissance-re-europe-certified-public-notice/download,2025-10-22T07:44:12-04:00
https://www.mass.gov/doc/renaissance-re-ltd-certified-public-notice/download,2025-10-22T07:44:55-04:00
https://www.mass.gov/doc/somers-re-ltd-certified-public-notice/download,2025-10-22T07:46:00-04:00
https://www.mass.gov/doc/transre-london-ltd-certified-public-notice/download,2025-10-22T07:47:35-04:00
https://www.mass.gov/doc/xl-bermuda-certified-public-notice/download,2025-10-22T07:48:17-04:00
https://www.mass.gov/doc/xl-re-europe-se-certified-public-notice/download,2025-10-22T07:48:56-04:00
https://www.mass.gov/doc/august-2025-massachusetts-quarterly-cash-flow-letter/download,2025-10-22T10:23:54-04:00
https://www.mass.gov/doc/application-pdf-umass-memorial-health-care-inc-significant-amendment/download,2025-10-22T08:28:51-04:00
https://www.mass.gov/doc/application-docx-umass-memorial-health-care-inc-significant-amendment/download,2025-10-22T08:29:24-04:00
https://www.mass.gov/doc/narrative-pdf-umass-memorial-health-care-inc-significant-amendment/download,2025-10-22T08:30:03-04:00
https://www.mass.gov/doc/narrative-docx-umass-memorial-health-care-inc-significant-amendment/download,2025-10-22T08:30:33-04:00
https://www.mass.gov/doc/affiliated-parties-pdf-umass-memorial-health-care-inc-significant-amendment/download,2025-10-22T08:31:18-04:00
https://www.mass.gov/doc/affiliated-parties-docx-umass-memorial-health-care-inc-significant-amendment/download,2025-10-22T08:31:49-04:00
https://www.mass.gov/doc/change-in-service-pdf-umass-memorial-health-care-inc-significant-amendment/download,2025-10-22T08:32:39-04:00
https://www.mass.gov/doc/change-in-service-docx-umass-memorial-health-care-inc-significant-amendment/download,2025-10-22T08:33:12-04:00
https://www.mass.gov/doc/attachments-pdf-umass-memorial-health-care-inc-significant-amendment/download,2025-10-22T08:34:02-04:00
https://www.mass.gov/doc/attachments-docx-umass-memorial-health-care-inc-significant-amendment/download,2025-10-22T08:34:37-04:00
https://www.mass.gov/doc/dcr-traffic-advisory-leo-j-birmingham-parkway/download,2025-10-22T08:39:49-04:00
https://www.mass.gov/doc/gibson-v-department-of-correction-ac-z23p1048/download,2025-10-22T09:26:44-04:00
https://www.mass.gov/doc/nunez-v-syncsort-incorporated-sjc-z13709/download,2025-10-22T09:29:23-04:00
https://www.mass.gov/doc/draft-2025-form-355sc-instructions/download,2025-10-22T09:47:11-04:00
https://www.mass.gov/doc/dcr-traffic-advisory-memorial-drive-7/download,2025-10-22T09:47:44-04:00
https://www.mass.gov/doc/cttf-june-9-2025-meeting-minutes/download,2025-10-22T09:50:23-04:00
https://www.mass.gov/doc/cttf-october-21-2025-meeting-presentation/download,2025-10-22T09:54:50-04:00
https://www.mass.gov/doc/prf86/download,2025-10-22T10:01:42-04:00
https://www.mass.gov/doc/209-cmr-4600-community-reinvestment-0/download,2025-10-22T10:11:08-04:00
https://www.mass.gov/doc/a-3-concord-final-report-2025/download,2025-10-22T10:13:16-04:00
https://www.mass.gov/doc/a-6-danvers-final-report-2025/download,2025-10-22T10:13:46-04:00
https://www.mass.gov/doc/b-5-russell-final-report-2025/download,2025-10-22T10:14:15-04:00
https://www.mass.gov/doc/leominster-sf-trail-master-plan-public-listening-session-11132025/download,2025-10-22T10:17:45-04:00
https://www.mass.gov/doc/leominster-sp-11132025/download,2025-10-22T10:19:37-04:00
https://www.mass.gov/doc/leominster-ch-11132025/download,2025-10-22T10:20:35-04:00
https://www.mass.gov/doc/209-cmr-4800-licensee-record-keeping-2/download,2025-10-22T10:20:42-04:00
https://www.mass.gov/doc/massachusetts-board-of-medicine-takes-disciplinary-action-october-9-2025/download,2025-10-22T11:02:07-04:00
https://www.mass.gov/doc/leominster-hc-11132025/download,2025-10-22T10:21:30-04:00
https://www.mass.gov/doc/leominster-port-11132025/download,2025-10-22T10:22:29-04:00
https://www.mass.gov/doc/b-6-northampton-final-report-2025/download,2025-10-22T10:23:10-04:00
https://www.mass.gov/doc/leominster-viet-11132025/download,2025-10-22T10:23:24-04:00
https://www.mass.gov/doc/b-8-westfield-final-report-2025/download,2025-10-22T10:23:34-04:00
https://www.mass.gov/doc/c-4-leominster-final-report-2025/download,2025-10-22T10:24:32-04:00
https://www.mass.gov/doc/c-5-sturbridge-final-report-2025/download,2025-10-22T10:25:01-04:00
https://www.mass.gov/doc/c-10-charlton-final-report-2025/download,2025-10-22T10:26:16-04:00
https://www.mass.gov/doc/d-7-bourne-final-report-2025/download,2025-10-22T10:26:39-04:00
https://www.mass.gov/doc/h-4-boston-final-report-2025/download,2025-10-22T10:27:07-04:00
https://www.mass.gov/doc/h-7-milton-final-report-2025/download,2025-10-22T10:27:29-04:00
https://www.mass.gov/doc/209-cmr-4900-insurance-sales-for-banks-credit-unions-and-lenders/download,2025-10-22T10:32:03-04:00
https://www.mass.gov/doc/209-cmr-4900-insurance-sales-for-banks-credit-unions-and-lenders-0/download,2025-10-22T10:40:25-04:00
https://www.mass.gov/doc/september-9-2025-lsp-board-meeting-minutes/download,2025-10-22T10:43:21-04:00
https://www.mass.gov/doc/proc/download,2025-10-22T10:45:28-04:00
https://www.mass.gov/doc/september-9-2025-lsp-professional-conduct-committee-meeting-minutes/download,2025-10-22T10:48:25-04:00
https://www.mass.gov/doc/charles-river-task-force-meeting-2-minutes/download,2025-10-22T12:19:17-04:00
https://www.mass.gov/doc/september-9-2025-lsp-continuing-education-committee-meeting-minutes/download,2025-10-22T10:53:10-04:00
https://www.mass.gov/doc/charles-river-task-force-meeting-2-minutes-haitian-creole/download,2025-10-22T12:19:17-04:00
https://www.mass.gov/doc/charles-river-task-force-meeting-2-minutes-portuguese/download,2025-10-22T12:19:17-04:00
https://www.mass.gov/doc/charles-river-task-force-meeting-2-minutes-spanish/download,2025-10-22T12:19:17-04:00
https://www.mass.gov/doc/agenda-for-10-28-25/download,2025-10-22T10:58:50-04:00
https://www.mass.gov/doc/charles-river-task-force-meeting-2-minutes-mandarin/download,2025-10-22T12:19:17-04:00
https://www.mass.gov/doc/charles-river-task-force-meeting-2-minutes-cantonese/download,2025-10-22T12:19:17-04:00
https://www.mass.gov/doc/leyden2022final-hmp-mvp/download,2025-10-22T11:01:19-04:00
https://www.mass.gov/doc/hqeip-measure-assessment-report/download,2025-10-22T11:29:37-04:00
https://www.mass.gov/doc/hqeip-measure-assessment-report-0/download,2025-10-22T11:29:50-04:00
https://www.mass.gov/doc/town-of-florida-hmmvp-plan-2025/download,2025-10-22T11:31:44-04:00
https://www.mass.gov/doc/charles-river-task-force-meeting-3-slides/download,2025-10-22T12:18:13-04:00
https://www.mass.gov/doc/charles-river-task-force-meeting-3-slides-spanish/download,2025-10-22T12:18:13-04:00
https://www.mass.gov/doc/charles-river-task-force-meeting-3-slides-portuguese/download,2025-10-22T12:18:13-04:00
https://www.mass.gov/doc/walesmvp-hmp-update-2025/download,2025-10-22T11:50:23-04:00
https://www.mass.gov/doc/charles-river-task-force-meeting-3-slides-haitian-creole/download,2025-10-22T12:18:13-04:00
https://www.mass.gov/doc/209-cmr-5000-parity-with-federal-credit-unions/download,2025-10-22T11:52:36-04:00
https://www.mass.gov/doc/charles-river-task-force-meeting-3-slides-mandarin/download,2025-10-22T12:18:13-04:00
https://www.mass.gov/doc/charles-river-task-force-meeting-3-slides-cantonese/download,2025-10-22T12:18:13-04:00
https://www.mass.gov/doc/209-cmr-5300-determination-and-documentation-of-borrowers-interest/download,2025-10-22T11:59:05-04:00
https://www.mass.gov/doc/209-cmr-5400-mortgage-lender-community-investment-0/download,2025-10-22T12:04:58-04:00
https://www.mass.gov/doc/209-cmr-5500-reverse-mortgage-loans-0/download,2025-10-22T12:09:30-04:00
https://www.mass.gov/doc/209-cmr-5700-flood-insurance-0/download,2025-10-22T12:16:17-04:00
https://www.mass.gov/doc/groveland-ar-2024/download,2025-10-22T12:19:48-04:00
https://www.mass.gov/doc/209-cmr-5600-foreclosure-prevention-options/download,2025-10-22T12:21:01-04:00
https://www.mass.gov/doc/209-cmr-5800-credit-union-branching/download,2025-10-22T12:29:43-04:00
https://www.mass.gov/doc/third-quarter-2025-enforcement-bulletin/download,2025-10-22T12:49:27-04:00
https://www.mass.gov/doc/srb-meeting-agenda-10-27-25/download,2025-10-22T13:06:59-04:00
https://www.mass.gov/doc/fy26-berkshire-training-budget-2xlsx/download,2025-10-22T13:19:05-04:00
https://www.mass.gov/doc/fy26-brockton-budget-3/download,2025-10-22T13:26:31-04:00
https://www.mass.gov/doc/october-21-2025-grant-qa-presentation/download,2025-10-22T13:29:56-04:00
https://www.mass.gov/doc/fy26-franklin-hampshire-budget-3/download,2025-10-22T13:43:19-04:00
https://www.mass.gov/doc/fy26-jtec-budget-3/download,2025-10-22T13:43:50-04:00
https://www.mass.gov/doc/fy26-new-bedford-budget-4/download,2025-10-22T13:45:00-04:00
https://www.mass.gov/doc/fy26-north-central-budget-4/download,2025-10-22T13:45:36-04:00
https://www.mass.gov/doc/interconnection-reporting-24/download,2025-10-22T14:17:59-04:00
https://www.mass.gov/doc/interconnection-reporting-25/download,2025-10-22T14:17:59-04:00
https://www.mass.gov/doc/interconnection-reporting-26/download,2025-10-22T14:17:59-04:00
https://www.mass.gov/doc/interconnection-reporting-27/download,2025-10-22T14:17:59-04:00
https://www.mass.gov/doc/interconnection-reporting-28/download,2025-10-22T14:17:59-04:00
https://www.mass.gov/doc/guideline-regarding-the-definition-of-floating-solar-tariff-generation-units-0/download,2025-10-22T14:48:07-04:00
https://www.mass.gov/doc/floating-stgu-pre-determination-form/download,2025-10-22T14:48:07-04:00
https://www.mass.gov/doc/floating-stgu-annual-report-template/download,2025-10-22T14:48:07-04:00
https://www.mass.gov/doc/dcr-traffic-advisory-arborway-0/download,2025-10-22T14:43:05-04:00
https://www.mass.gov/doc/cjc-annual-report-2024-0/download,2025-10-22T14:43:10-04:00
https://www.mass.gov/doc/olpa-online-portal-guide-employees-and-supervisors/download,2025-10-22T14:47:27-04:00
https://www.mass.gov/doc/fy26-city-of-boston-budget-4/download,2025-10-22T15:11:32-04:00
https://www.mass.gov/doc/fy26-fall-river-budget-3/download,2025-10-22T15:12:12-04:00
https://www.mass.gov/doc/fy26-hampden-budget-3/download,2025-10-22T15:12:49-04:00
https://www.mass.gov/doc/agenda-for-102925/download,2025-10-22T15:32:03-04:00
https://www.mass.gov/doc/dsb-list-25-32-massdevelopment-architectural-house-doctor/download,2025-10-22T15:22:31-04:00
https://www.mass.gov/doc/dsb-list-25-31-massdevelopment-civil-engineer-house-doctor/download,2025-10-22T15:22:57-04:00
https://www.mass.gov/doc/10222025-shellfish-opening-following-rain-related-closure-in-greater-boston-harbor-ccb42-and-ccb43/download,2025-10-22T15:44:01-04:00
https://www.mass.gov/doc/october-22-2025-forest-reserves-qa/download,2025-10-22T15:53:29-04:00
https://www.mass.gov/doc/october-22-2025-information-session-slides/download,2025-10-22T15:55:07-04:00
https://www.mass.gov/doc/bbrs-11th-edition-process-subcommittee-agenda-10-29-25/download,2025-10-22T16:06:05-04:00
https://www.mass.gov/doc/watched-ccs-on-demand-video/download,2025-10-22T16:12:33-04:00
https://www.mass.gov/doc/executive-minutes-9162025/download,2025-10-22T16:20:13-04:00
https://www.mass.gov/doc/topic-4-decoupling-and-capital-recovery-expert-presentations/download,2025-10-22T20:26:43-04:00
https://www.mass.gov/policy-statement/procedural-order-regarding-scheduling-of-final-pre-trial-conference,2025-10-22T13:25:55-04:00
https://www.mass.gov/policy-statement/procedural-order-regarding-discovery-in-criminal-cases,2025-10-22T13:17:30-04:00
https://www.mass.gov/report/department-of-correction-reports,2025-10-22T14:26:26-04:00
https://www.mass.gov/law-library/library-of-division-of-banks-regulations,2025-10-22T12:30:35-04:00
https://www.mass.gov/pension-fraud,2025-10-22T14:01:30-04:00
https://www.mass.gov/eea-funding-opportunity-for-a-new-grant-program,2025-10-22T13:32:40-04:00
https://www.mass.gov/olpa-for-commonwealth-employees,2025-10-22T00:30:26-04:00
https://www.mass.gov/whats-on-your-mind,2025-10-22T17:07:00-04:00
https://www.mass.gov/lists/cable-television-licenses,2025-10-22T12:21:29-04:00
https://www.mass.gov/lists/quarterly-cash-flow-letters,2025-10-22T10:30:36-04:00
https://www.mass.gov/lists/dor-annual-reports,2025-10-22T16:39:02-04:00
https://www.mass.gov/lists/solid-waste-advisory-committee-archive,2025-10-22T14:09:46-04:00
https://www.mass.gov/lists/cd-subcommittee-meeting-archive,2025-10-22T14:10:59-04:00
https://www.mass.gov/lists/organics-subcommittee-archive,2025-10-22T14:10:07-04:00
https://www.mass.gov/lists/massdep-toxics-use-reduction-act-tura-data-results,2025-10-22T11:22:31-04:00
https://www.mass.gov/lists/wastewater-permits-and-reporting-forms,2025-10-22T13:13:34-04:00
https://www.mass.gov/lists/annual-prea-reports-and-audits,2025-10-22T10:30:41-04:00
https://www.mass.gov/lists/probate-family-court-forms-for-guardianship-and-conservatorship,2025-10-22T13:11:33-04:00
https://www.mass.gov/lists/cjc-annual-reports,2025-10-22T14:46:51-04:00
https://www.mass.gov/lists/massdep-toxics-use-reduction-policies-guidance,2025-10-22T11:22:45-04:00
https://www.mass.gov/lists/massdep-underground-storage-tank-ust-forms,2025-10-22T10:27:03-04:00
https://www.mass.gov/lists/pay-as-you-throw-payt,2025-10-22T12:08:30-04:00
https://www.mass.gov/lists/massdep-mercury-policies-guidance,2025-10-22T10:17:25-04:00
https://www.mass.gov/lists/massdep-mercury-forms-instructions-guidance,2025-10-22T10:17:58-04:00
https://www.mass.gov/lists/emergency-shellfish-closure-and-opening-notices,2025-10-22T15:47:17-04:00
https://www.mass.gov/lists/donation-reuse,2025-10-22T11:52:21-04:00
https://www.mass.gov/lists/implementing-mandatory-recycling-private-hauler-regulations,2025-10-22T12:08:18-04:00
https://www.mass.gov/lists/massdep-solid-waste-policies-guidance-fact-sheets,2025-10-22T14:30:42-04:00
https://www.mass.gov/lists/massachusetts-landfills-transfer-stations-compost-sites-recycling-facilities,2025-10-22T14:33:11-04:00
https://www.mass.gov/lists/managing-construction-demolition-cd-wastes,2025-10-22T14:33:22-04:00
https://www.mass.gov/lists/home-and-municipal-composting,2025-10-22T11:37:49-04:00
https://www.mass.gov/lists/commercial-institutional-agricultural-composting-organics,2025-10-22T11:38:49-04:00
https://www.mass.gov/lists/solid-waste-management-contracts-contracting,2025-10-22T14:32:49-04:00
https://www.mass.gov/lists/recycling-solid-waste-data-for-massachusetts-cities-towns,2025-10-22T14:32:39-04:00
https://www.mass.gov/lists/closed-landfills-with-permits-for-renewable-energy,2025-10-22T14:33:00-04:00
https://www.mass.gov/lists/documents-and-meeting-materials-i-495i-90-interchange-improvements,2025-10-22T13:52:20-04:00
https://www.mass.gov/lists/recycling-disposal-options,2025-10-22T11:41:49-04:00
https://www.mass.gov/lists/massdep-ust-owneroperator-record-keeping-guidance,2025-10-22T10:51:57-04:00
https://www.mass.gov/lists/massdep-fees-timelines,2025-10-22T15:12:58-04:00
https://www.mass.gov/lists/reduce-reuse-rr-working-group-deconstruction-workgroup-archive,2025-10-22T11:45:59-04:00
https://www.mass.gov/lists/supplier-diversity-office-staff-directory,2025-10-22T12:26:25-04:00
https://www.mass.gov/lists/aeronautics-forms,2025-10-22T09:46:28-04:00
https://www.mass.gov/lists/massdep-solid-waste-forms,2025-10-22T14:31:02-04:00
https://www.mass.gov/lists/massdep-compliance-certification-forms,2025-10-22T10:20:11-04:00
https://www.mass.gov/lists/waste-recycling-laws-rules,2025-10-22T14:10:49-04:00
https://www.mass.gov/lists/recycling-market-development-workgroup-archive,2025-10-22T11:45:43-04:00
https://www.mass.gov/lists/massdep-toxics-chemicals-grants-assistance,2025-10-22T14:35:14-04:00
https://www.mass.gov/lists/massdep-waste-recycling-grants-assistance,2025-10-22T11:56:40-04:00
https://www.mass.gov/lists/virtual-workshop-for-toxics-use-reduction-planners,2025-10-22T11:23:00-04:00
https://www.mass.gov/lists/solid-waste-facility-issues-workgroup-archive,2025-10-22T14:35:26-04:00
https://www.mass.gov/lists/upcoming-apprentice-recruitments,2025-10-22T11:46:54-04:00
https://www.mass.gov/lists/draft-2025-corporate-excise-tax-forms-and-instructions,2025-10-22T09:49:12-04:00
https://www.mass.gov/lists/childhood-trauma-task-force-cttf-2025-meetings,2025-10-22T10:00:07-04:00
https://www.mass.gov/lists/massachusetts-veteran-related-data-and-studies,2025-10-22T10:04:00-04:00
https://www.mass.gov/event/14th-annual-stand-down-06-14-2019,2025-10-22T05:00:25-04:00
https://www.mass.gov/event/engineering-hiring-event-general-dynamics-07-31-2019,2025-10-22T05:00:25-04:00
https://www.mass.gov/event/5th-annual-hire-a-vet-community-conference-11-06-2019,2025-10-22T05:00:25-04:00
https://www.mass.gov/event/veterans-job-search-workshops-11-08-2019,2025-10-22T05:00:25-04:00
https://www.mass.gov/event/cori-friendly-career-fair-11-13-2019,2025-10-22T05:00:25-04:00
https://www.mass.gov/event/fall-job-fair-11-15-2019,2025-10-22T05:00:25-04:00
https://www.mass.gov/event/edge4vets-workshop-11-21-2019,2025-10-22T05:00:25-04:00
https://www.mass.gov/event/annual-veteran-career-fair-11-14-2019,2025-10-22T05:00:25-04:00
https://www.mass.gov/event/how-to-get-hired-a-panel-discussion-for-veterans-11-07-2019,2025-10-22T05:00:25-04:00
https://www.mass.gov/event/spincraft-recruitment-11-02-2019,2025-10-22T05:00:25-04:00
https://www.mass.gov/event/veterans-job-fair-11-07-2019,2025-10-22T05:00:25-04:00
https://www.mass.gov/event/hire-a-veteran-month-job-fair-11-14-2019,2025-10-22T05:00:25-04:00
https://www.mass.gov/event/edge4vets-online-workshop-10-28-2020,2025-10-22T05:00:25-04:00
https://www.mass.gov/event/gamesense-veterans-presentation-11-02-2020,2025-10-22T05:00:25-04:00
https://www.mass.gov/event/virtual-annual-fall-job-fair-honoring-our-veterans-11-20-2020,2025-10-22T05:00:25-04:00
https://www.mass.gov/event/networking-event-for-veterans-02-10-2022,2025-10-22T05:00:25-04:00
https://www.mass.gov/event/money-after-military-finding-a-job-02-24-2022,2025-10-22T05:00:25-04:00
https://www.mass.gov/event/autism-commission-meeting-91823-09-18-2023,2025-10-22T14:27:03-04:00
https://www.mass.gov/event/cancelled-autism-commission-meeting-102623-10-26-2023,2025-10-22T14:26:02-04:00
https://www.mass.gov/event/early-intervention-icc-family-engagement-subcommittee-meeting-june-5-2024-06-05-2024,2025-10-22T14:17:39-04:00
https://www.mass.gov/event/subcommittee-school-aged-birth-14-years-old-february-9-2024-02-09-2024,2025-10-22T01:15:23-04:00
https://www.mass.gov/event/wic-advisory-council-remote-meeting-march-11-2024-03-11-2024,2025-10-22T01:21:50-04:00
https://www.mass.gov/event/uramp-advisory-committee-meeting-via-webex-on-32624-03-26-2024,2025-10-22T01:30:18-04:00
https://www.mass.gov/event/committee-on-acupuncture-meeting-4182024-04-18-2024,2025-10-22T01:33:19-04:00
https://www.mass.gov/event/uramp-advisory-committee-meeting-via-webex-on-5724-05-07-2024,2025-10-22T01:35:33-04:00
https://www.mass.gov/event/board-of-registration-of-chiropractors-meeting-june-6-2024-06-06-2024,2025-10-22T14:25:05-04:00
https://www.mass.gov/event/quality-and-patient-safety-committee-meeting-june-13-2024-06-13-2024,2025-10-22T14:25:47-04:00
https://www.mass.gov/event/uramp-advisory-committee-meeting-via-webex-on-62524-06-25-2024,2025-10-22T14:28:41-04:00
https://www.mass.gov/event/committee-on-acupuncture-meeting-6202024-06-20-2024-0,2025-10-22T01:36:01-04:00
https://www.mass.gov/event/committee-on-acupuncture-meeting-6202024-06-20-2024,2025-10-22T01:13:38-04:00
https://www.mass.gov/event/quality-and-patient-safety-committee-meeting-july-19-2024-07-19-2024,2025-10-22T14:30:38-04:00
https://www.mass.gov/event/board-of-registration-in-nursing-sarec-meeting-august-9-2024-08-09-2024,2025-10-22T01:36:24-04:00
https://www.mass.gov/event/early-intervention-icc-membership-meeting-september-6-2024-09-06-2024,2025-10-22T01:29:48-04:00
https://www.mass.gov/event/early-intervention-icc-membership-subcommittee-meeting-october-4-2024-10-04-2024,2025-10-22T01:24:30-04:00
https://www.mass.gov/event/early-intervention-icc-membership-subcommittee-meeting-november-1-2024-11-01-2024,2025-10-22T01:35:07-04:00
https://www.mass.gov/event/early-intervention-icc-membership-subcommittee-meeting-january-10-2025-01-10-2025,2025-10-22T14:32:27-04:00
https://www.mass.gov/event/early-intervention-icc-membership-subcommittee-meeting-february-7-2025-02-07-2025,2025-10-22T14:28:09-04:00
https://www.mass.gov/event/early-intervention-icc-membership-subcommittee-meeting-march-7-2025-03-07-2025,2025-10-22T01:34:22-04:00
https://www.mass.gov/event/early-intervention-icc-membership-subcommittee-meeting-may-2-2025-05-02-2025,2025-10-22T01:34:46-04:00
https://www.mass.gov/event/board-of-registration-of-physician-assistants-meeting-august-8-2024-08-08-2024,2025-10-22T01:16:05-04:00
https://www.mass.gov/event/board-of-registration-in-pharmacy-via-webex-thursday-september-5-2024-09-05-2024,2025-10-22T01:12:45-04:00
https://www.mass.gov/event/board-of-registration-of-genetic-counselors-meeting-october-3-2024-10-03-2024,2025-10-22T14:32:46-04:00
https://www.mass.gov/event/board-of-registration-of-physician-assistants-meeting-october-10-2024-cancelled-10-10-2024,2025-10-22T14:33:03-04:00
https://www.mass.gov/event/board-of-registration-in-nursing-sarec-meeting-october-4-2024-10-04-2024,2025-10-22T14:25:24-04:00
https://www.mass.gov/event/board-of-registration-of-nursing-home-administrators-meeting-october-18-2024-10-18-2024,2025-10-22T14:40:38-04:00
https://www.mass.gov/event/board-of-respiratory-care-meeting-october-17-2024-10-17-2024,2025-10-22T01:32:28-04:00
https://www.mass.gov/event/cancelled-board-of-registration-of-social-workers-meeting-102224-10-22-2024,2025-10-22T01:29:22-04:00
https://www.mass.gov/event/board-of-registration-in-nursing-sarec-meeting-november-15-2024-11-15-2024,2025-10-22T14:32:13-04:00
https://www.mass.gov/event/board-of-registration-in-nursing-meeting-november-13-2024-11-13-2024,2025-10-22T12:24:02-04:00
https://www.mass.gov/event/board-of-certification-of-community-health-workers-meeting-november-12-2024-cancelled-11-12-2024,2025-10-22T16:10:37-04:00
https://www.mass.gov/event/board-of-registration-of-physician-assistants-meeting-november-14-2024-11-14-2024,2025-10-22T15:56:08-04:00
https://www.mass.gov/event/board-of-registration-of-nursing-home-administrators-meeting-november-15-2024-11-15-2024,2025-10-22T15:59:35-04:00
https://www.mass.gov/event/board-of-registration-in-nursing-complaint-committee-meeting-november-19-2024-11-19-2024,2025-10-22T14:32:18-04:00
https://www.mass.gov/event/board-of-registration-in-nursing-complaint-committee-meeting-november-21-2024-11-21-2024,2025-10-22T14:31:47-04:00
https://www.mass.gov/event/quality-and-patient-safety-committee-meeting-november-21-2024-11-21-2024,2025-10-22T16:01:32-04:00
https://www.mass.gov/event/board-of-registration-of-perfusionists-meeting-december-5-2024-12-05-2024,2025-10-22T16:04:34-04:00
https://www.mass.gov/event/board-of-registration-in-naturopathy-meeting-december-5-2024-12-05-2024,2025-10-22T12:24:45-04:00
https://www.mass.gov/event/board-of-certification-of-community-health-workers-meeting-december-10-2024-12-10-2024,2025-10-22T15:58:01-04:00
https://www.mass.gov/event/board-of-registration-of-nursing-home-administrators-meeting-december-20-2024-12-20-2024,2025-10-22T16:05:18-04:00
https://www.mass.gov/event/board-of-respiratory-care-meeting-december-19-2024-12-19-2024,2025-10-22T15:58:39-04:00
https://www.mass.gov/event/board-of-registration-in-nursing-sarec-meeting-december-6-2024-12-06-2024,2025-10-22T15:54:36-04:00
https://www.mass.gov/event/board-of-registration-in-nursing-complaint-committee-meeting-december-17-2024-12-17-2024,2025-10-22T15:55:25-04:00
https://www.mass.gov/event/board-of-registration-in-nursing-complaint-committee-meeting-december-19-2024-12-19-2024,2025-10-22T16:09:43-04:00
https://www.mass.gov/event/committee-on-acupuncture-meeting-12122024-12-12-2024,2025-10-22T12:18:08-04:00
https://www.mass.gov/event/board-of-registration-in-optometry-meeting-december-18-2024-12-18-2024,2025-10-22T16:03:13-04:00
https://www.mass.gov/event/board-of-registration-in-naturopathy-meeting-january-23-2025-01-23-2025,2025-10-22T14:33:54-04:00
https://www.mass.gov/event/board-of-registration-in-nursing-complaint-committee-meeting-january-14-2025-01-14-2025,2025-10-22T16:03:41-04:00
https://www.mass.gov/event/board-of-registration-in-nursing-complaint-committee-meeting-january-16-2025-01-16-2025,2025-10-22T15:52:45-04:00
https://www.mass.gov/event/special-commission-on-oral-health-prevention-subcommittee-meetings-january-6-2025-january-17-2025-february-4-2025-01-06-2025,2025-10-22T12:38:52-04:00
https://www.mass.gov/event/board-of-registration-in-nursing-meeting-january-8-2025-01-08-2025,2025-10-22T12:20:45-04:00
https://www.mass.gov/event/board-of-registration-in-optometry-meeting-january-15-2025-01-15-2025,2025-10-22T15:22:34-04:00
https://www.mass.gov/event/quality-and-patient-safety-committee-meeting-january-9-2025-01-09-2025,2025-10-22T12:39:24-04:00
https://www.mass.gov/event/board-of-registration-in-podiatry-meeting-january-14-2025-01-14-2025,2025-10-22T12:44:12-04:00
https://www.mass.gov/event/board-of-registration-of-nursing-home-administrators-meeting-january-17-2025-01-17-2025,2025-10-22T14:34:57-04:00
https://www.mass.gov/event/board-of-respiratory-care-meeting-january-16-2025-01-16-2025,2025-10-22T16:00:17-04:00
https://www.mass.gov/event/board-of-registration-of-genetic-counselors-meeting-february-6-2025-02-06-2025,2025-10-22T16:11:17-04:00
https://www.mass.gov/event/board-of-registration-in-nursing-complaint-committee-meeting-february-18-2025-02-18-2025,2025-10-22T14:28:24-04:00
https://www.mass.gov/event/board-of-registration-in-nursing-complaint-committee-meeting-february-20-2025-02-20-2025,2025-10-22T16:02:39-04:00
https://www.mass.gov/event/quality-and-patient-safety-committee-meeting-february-6-2025-02-06-2025,2025-10-22T14:30:00-04:00
https://www.mass.gov/event/board-of-registration-of-nursing-home-administrators-meeting-february-28-2025-02-28-2025,2025-10-22T15:34:14-04:00
https://www.mass.gov/event/board-of-registration-in-nursing-meeting-february-12-2025-02-12-2025,2025-10-22T12:22:45-04:00
https://www.mass.gov/event/board-of-registration-in-podiatry-meeting-february-11-2025-02-11-2025,2025-10-22T12:43:04-04:00
https://www.mass.gov/event/quality-and-patient-safety-committee-meeting-february-14-2025-02-14-2025,2025-10-22T14:25:24-04:00
https://www.mass.gov/event/committee-on-acupuncture-meeting-2132025-02-13-2025,2025-10-22T16:06:08-04:00
https://www.mass.gov/event/board-of-respiratory-care-meeting-february-27-2025-02-27-2025,2025-10-22T15:20:48-04:00
https://www.mass.gov/event/board-of-registration-of-perfusionists-meeting-march-06-2025-03-06-2025,2025-10-22T16:22:28-04:00
https://www.mass.gov/event/board-of-registration-in-nursing-complaint-committee-meeting-march-20-2025-03-20-2025,2025-10-22T14:35:27-04:00
https://www.mass.gov/event/board-of-registration-of-nursing-home-administrators-meeting-march-21-2025-03-21-2025,2025-10-22T14:36:29-04:00
https://www.mass.gov/event/board-of-registration-in-nursing-meeting-march-12-2025-03-12-2025,2025-10-22T14:27:09-04:00
https://www.mass.gov/event/board-of-respiratory-care-meeting-march-20-2025-03-20-2025,2025-10-22T16:37:13-04:00
https://www.mass.gov/event/board-of-registration-in-naturopathy-meeting-march-27-2025-03-27-2025,2025-10-22T16:24:57-04:00
https://www.mass.gov/event/board-of-registration-in-optometry-meeting-march-19-2025-03-19-2025,2025-10-22T16:27:37-04:00
https://www.mass.gov/event/foreign-trained-dentist-to-dental-hygienist-committee-meeting-borid-3252025-03-25-2025,2025-10-22T12:34:11-04:00
https://www.mass.gov/event/board-of-registration-of-genetic-counselors-meeting-april-3-2025-04-03-2025,2025-10-22T16:29:57-04:00
https://www.mass.gov/event/board-of-registration-in-nursing-complaint-committee-meeting-april-15-2025-04-15-2025,2025-10-22T16:33:41-04:00
https://www.mass.gov/event/board-of-registration-in-nursing-complaint-committee-meeting-april-17-2025-04-17-2025,2025-10-22T16:26:11-04:00
https://www.mass.gov/event/board-of-registration-in-nursing-meeting-april-9-2025-04-09-2025,2025-10-22T14:25:56-04:00
https://www.mass.gov/event/board-of-respiratory-care-meeting-april-17-2025-04-17-2025,2025-10-22T16:34:42-04:00
https://www.mass.gov/event/committee-on-acupuncture-meeting-4172025-04-17-2025,2025-10-22T16:27:12-04:00
https://www.mass.gov/event/board-of-registration-of-nursing-home-administrators-meeting-may-16-2025-05-16-2025,2025-10-22T16:21:56-04:00
https://www.mass.gov/event/board-of-registration-of-physician-assistants-meeting-may-8-2025-05-08-2025,2025-10-22T14:32:49-04:00
https://www.mass.gov/event/board-of-registration-in-nursing-complaint-committee-meeting-may-20-2025-05-20-2025,2025-10-22T16:23:58-04:00
https://www.mass.gov/event/board-of-registration-in-naturopathy-meeting-may-22-2025-05-22-2025,2025-10-22T14:38:01-04:00
https://www.mass.gov/event/wic-advisory-council-remote-meeting-may-14-2025-05-14-2025,2025-10-22T14:29:11-04:00
https://www.mass.gov/event/quality-and-patient-safety-committee-meeting-may-15-2025-05-15-2025,2025-10-22T12:37:58-04:00
https://www.mass.gov/event/board-of-registration-in-nursing-meeting-may-14-2025-05-14-2025,2025-10-22T12:20:00-04:00
https://www.mass.gov/event/board-of-registration-in-podiatry-meeting-may-13-2025-05-13-2025,2025-10-22T12:42:08-04:00
https://www.mass.gov/event/board-of-registration-in-optometry-meeting-may-21-2025-05-21-2025,2025-10-22T16:36:44-04:00
https://www.mass.gov/event/board-of-registration-of-allied-health-professions-on-52225-05-22-2025,2025-10-22T12:32:38-04:00
https://www.mass.gov/event/board-of-respiratory-care-meeting-may-29-2025-05-29-2025,2025-10-22T16:32:34-04:00
https://www.mass.gov/event/board-of-registration-of-perfusionists-meeting-june-5-2025-06-05-2025,2025-10-22T16:37:33-04:00
https://www.mass.gov/event/board-of-registration-in-nursing-complaint-committee-meeting-june-18-2025-06-18-2025,2025-10-22T14:37:26-04:00
https://www.mass.gov/event/board-of-registration-of-nursing-home-administrators-meeting-june-20-2025-06-20-2025,2025-10-22T14:26:33-04:00
https://www.mass.gov/event/board-of-registration-in-nursing-sub-committee-meeting-june-13-2025-06-13-2025,2025-10-22T16:33:05-04:00
https://www.mass.gov/event/board-of-registration-in-optometry-meeting-june-18-2025-06-18-2025,2025-10-22T16:21:04-04:00
https://www.mass.gov/event/committee-on-acupuncture-meeting-6202025-06-20-2025,2025-10-22T16:15:00-04:00
https://www.mass.gov/event/board-of-respiratory-care-meeting-june-26-2025-06-26-2025,2025-10-22T16:16:29-04:00
https://www.mass.gov/event/board-of-registration-in-midwifery-meeting-june-26-2025-06-26-2025,2025-10-22T16:28:30-04:00
https://www.mass.gov/event/board-of-registration-in-nursing-complaint-committee-meeting-july-15-2025-07-15-2025,2025-10-22T14:38:32-04:00
https://www.mass.gov/event/board-of-registration-in-pharmacy-via-webex-july-10-2025-07-10-2025,2025-10-22T12:41:13-04:00
https://www.mass.gov/event/board-of-registration-of-physician-assistants-meeting-july-10-2025-07-10-2025,2025-10-22T16:38:00-04:00
https://www.mass.gov/event/board-of-registration-in-nursing-meeting-july-9-2025-07-09-2025,2025-10-22T12:19:00-04:00
https://www.mass.gov/event/board-of-respiratory-care-meeting-july-17-2025-07-17-2025,2025-10-22T16:31:47-04:00
https://www.mass.gov/event/data-advisory-commission-on-early-education-and-care-10-21-2025,2025-10-22T11:02:16-04:00
https://www.mass.gov/event/board-of-registration-of-nursing-home-administrators-meeting-july-18-2025-07-18-2025,2025-10-22T16:18:34-04:00
https://www.mass.gov/event/board-of-registration-in-naturopathy-meeting-july-24-2025-07-24-2025,2025-10-22T14:27:48-04:00
https://www.mass.gov/event/board-of-registration-in-midwifery-meeting-july-17-2025-07-17-2025,2025-10-22T14:39:01-04:00
https://www.mass.gov/event/board-of-registration-of-genetic-counselors-meeting-august-7-2025-08-07-2025,2025-10-22T14:31:17-04:00
https://www.mass.gov/event/board-of-registration-in-nursing-complaint-committee-meeting-august-21-2025-08-21-2025,2025-10-22T14:18:20-04:00
https://www.mass.gov/event/board-of-registration-of-nursing-home-administrators-meeting-august-22-2025-08-22-2025,2025-10-22T14:39:39-04:00
https://www.mass.gov/event/board-of-respiratory-care-meeting-august-21-2025-08-21-2025,2025-10-22T16:35:30-04:00
https://www.mass.gov/event/board-of-registration-in-optometry-meeting-august-20-2025-08-20-2025,2025-10-22T16:14:21-04:00
https://www.mass.gov/event/2nd-annual-massachusetts-caregiver-coalition-convening-11-03-2025,2025-10-22T19:53:28-04:00
https://www.mass.gov/event/board-of-registration-of-perfusionists-meeting-september-4-2025-09-04-2025,2025-10-22T16:36:15-04:00
https://www.mass.gov/event/board-of-registration-of-physician-assistants-meeting-september-11-2025-09-11-2025,2025-10-22T12:31:37-04:00
https://www.mass.gov/event/board-of-respiratory-care-meeting-september-18-2025-09-18-2025,2025-10-22T14:40:07-04:00
https://www.mass.gov/event/board-of-registration-in-nursing-complaint-committee-meeting-september-16-2025-09-16-2025,2025-10-22T12:28:48-04:00
https://www.mass.gov/event/quality-and-patient-safety-committee-meeting-september-12-2025-09-12-2025,2025-10-22T12:30:21-04:00
https://www.mass.gov/event/board-of-registration-in-naturopathy-meeting-september-25-2025-09-25-2025,2025-10-22T12:16:57-04:00
https://www.mass.gov/event/board-of-registration-in-medicine-topics-of-discussion-9252025-09-25-2025,2025-10-22T12:47:21-04:00
https://www.mass.gov/event/board-of-registration-of-chiropractors-meeting-october-2-2025-10-02-2025,2025-10-22T12:37:09-04:00
https://www.mass.gov/event/board-of-registration-in-dentistry-anesthesia-committee-meeting-october-8-2025-10-08-2025,2025-10-22T12:28:09-04:00
https://www.mass.gov/event/board-of-registration-in-podiatry-meeting-october-14-2025-10-14-2025,2025-10-22T12:29:39-04:00
https://www.mass.gov/event/board-of-registration-in-midwifery-meeting-october-16-2025-10-16-2025,2025-10-22T12:34:59-04:00
https://www.mass.gov/event/rdac-policy-subcommittee-meeting-october-22-2025-10-22-2025,2025-10-22T07:18:16-04:00
https://www.mass.gov/event/board-of-registration-in-optometry-meeting-october-20-2025-10-20-2025,2025-10-22T14:24:35-04:00
https://www.mass.gov/event/board-of-registration-in-medicine-topics-of-discussion-10232025-10-23-2025,2025-10-22T01:07:47-04:00
https://www.mass.gov/event/cutler-park-reservation-trail-master-plan-public-listening-session-1152025-11-05-2025,2025-10-22T15:11:30-04:00
https://www.mass.gov/event/info-session-connected-and-online-10-27-2025,2025-10-22T16:01:26-04:00
https://www.mass.gov/event/healthcare-transitions-subcommittee-meeting-october-23-2025-10-23-2025,2025-10-22T07:25:40-04:00
https://www.mass.gov/event/board-of-registration-of-social-workers-on-102825-10-28-2025,2025-10-22T07:51:47-04:00
https://www.mass.gov/event/pesticide-board-subcommittee-meeting-october-28-2025-10-28-2025,2025-10-22T10:58:50-04:00
https://www.mass.gov/event/jjpad-cbi-subcommittee-october-2025-meeting-10-27-2025,2025-10-22T12:00:06-04:00
https://www.mass.gov/event/state-reclamation-and-mosquito-control-board-meeting-102725-10-27-2025,2025-10-22T13:11:19-04:00
https://www.mass.gov/event/veterans-community-hiring-event-11-06-2025,2025-10-22T14:51:25-04:00
https://www.mass.gov/event/pesticide-board-meeting-10-29-25-10-29-2025,2025-10-22T15:32:03-04:00
https://www.mass.gov/event/assisted-living-residences-alr-commission-meeting-10-28-2025,2025-10-22T15:53:22-04:00
https://www.mass.gov/event/your-voice-matters-assisted-living-in-massachusetts-11-05-2025,2025-10-22T16:02:04-04:00
https://www.mass.gov/event/bbrs-11th-edition-process-subcommittee-meeting-102925-10-29-2025,2025-10-22T16:06:05-04:00
https://www.mass.gov/forms/register-to-testify-at-an-eohhs-public-hearing,2025-10-22T12:42:03-04:00
https://www.mass.gov/forms/make-a-public-records-request-to-the-massachusetts-office-on-disability,2025-10-22T14:57:47-04:00
https://www.mass.gov/forms/register-to-testify-at-a-masshealth-public-hearing,2025-10-22T12:15:38-04:00
https://www.mass.gov/forms/eohhs-regulatory-email-notifications,2025-10-22T15:31:39-04:00
https://www.mass.gov/forms/report-fraud-waste-or-abuse,2025-10-22T15:33:46-04:00
https://www.mass.gov/forms/fee-for-service-provider-application-request,2025-10-22T11:37:03-04:00
https://www.mass.gov/guides/absence-and-leave-policies,2025-10-22T00:30:26-04:00
https://www.mass.gov/guides/massdep-ust-operator-certification-program,2025-10-22T10:30:28-04:00
https://www.mass.gov/guides/massdep-underground-storage-tank-ust-program,2025-10-22T10:42:18-04:00
https://www.mass.gov/guides/massdep-toxics-use-reduction-program,2025-10-22T11:24:46-04:00
https://www.mass.gov/guides/massdep-municipal-assistance-coordinators,2025-10-22T12:08:08-04:00
https://www.mass.gov/guides/solid-waste-master-plan,2025-10-22T14:30:47-04:00
https://www.mass.gov/guides/massdep-dental-amalgammercury-recycling-program,2025-10-22T10:18:28-04:00
https://www.mass.gov/guides/massdep-waste-disposal-bans,2025-10-22T14:33:31-04:00
https://www.mass.gov/guides/commercial-food-material-disposal-ban,2025-10-22T14:33:45-04:00
https://www.mass.gov/guides/clothing-and-textile-recovery,2025-10-22T11:53:08-04:00
https://www.mass.gov/guides/municipal-waste-combustors,2025-10-22T14:35:02-04:00
https://www.mass.gov/guides/public-pension-fraud,2025-10-22T13:59:53-04:00
https://www.mass.gov/guides/massachusetts-recycling-markets-update,2025-10-22T12:09:57-04:00
https://www.mass.gov/guides/massdep-billing-questions-assistance,2025-10-22T15:14:37-04:00
https://www.mass.gov/guides/guide-to-filing-a-petition-for-admission-by-examination-first-time,2025-10-22T09:39:52-04:00
https://www.mass.gov/guides/guide-to-filing-a-petition-for-admission-by-re-examination,2025-10-22T09:52:32-04:00
https://www.mass.gov/guides/family-and-medical-leave-options-fmla-and-pfml-for-commonwealth-employees,2025-10-22T00:30:26-04:00
https://www.mass.gov/guides/mattress-recycling,2025-10-22T11:55:30-04:00
https://www.mass.gov/guides/mavric-training-program,2025-10-22T13:28:00-04:00
https://www.mass.gov/how-to/moses-101-introduction-and-basic-moses-training,2025-10-22T14:31:36-04:00
https://www.mass.gov/how-to/submit-a-workshare-application-to-dua,2025-10-22T11:06:31-04:00
https://www.mass.gov/how-to/submit-an-outside-research-proposal,2025-10-22T14:25:50-04:00
https://www.mass.gov/how-to/moses-103-career-planning-in-moses-training,2025-10-22T14:36:47-04:00
https://www.mass.gov/how-to/report-your-coyote-or-fox-harvest,2025-10-22T12:24:40-04:00
https://www.mass.gov/how-to/sw-36-37-landfill-post-closure-use-permit,2025-10-22T14:16:25-04:00
https://www.mass.gov/how-to/request-temporary-guardianship-of-an-incapacitated-person,2025-10-22T12:38:00-04:00
https://www.mass.gov/how-to/apply-for-a-sustainable-materials-recovery-program-smrp-municipal-grant,2025-10-22T11:58:40-04:00
https://www.mass.gov/how-to/apply-for-smrp-municipal-technical-assistance,2025-10-22T11:58:54-04:00
https://www.mass.gov/how-to/apply-for-smrp-recycling-dividends-program-funds,2025-10-22T11:59:07-04:00
https://www.mass.gov/how-to/apply-for-a-recycling-reuse-business-development-grant,2025-10-22T11:59:30-04:00
https://www.mass.gov/how-to/lpa-fuel-limited-plan-application-for-a-fuel-utilization-facility-aq-01,2025-10-22T09:51:34-04:00
https://www.mass.gov/how-to/sw-48-third-party-inspector-application-amendment-or-renewal,2025-10-22T14:16:42-04:00
https://www.mass.gov/how-to/general-permit-initial-annual-certification-recycling-composting-digestion,2025-10-22T14:16:54-04:00
https://www.mass.gov/how-to/annual-report-certification-permitted-recycling-composting-or-conversion,2025-10-22T14:17:04-04:00
https://www.mass.gov/how-to/annual-report-small-transfer-station-recycling-composting-conversion,2025-10-22T14:17:14-04:00
https://www.mass.gov/how-to/tu-01-03-general-practice-tur-planner-certification-or-recertification,2025-10-22T11:23:16-04:00
https://www.mass.gov/how-to/tu-02-04-limited-practice-tur-planner-certification-or-recertification,2025-10-22T11:28:16-04:00
https://www.mass.gov/how-to/sw-01-38-site-suitability-report,2025-10-22T14:17:27-04:00
https://www.mass.gov/how-to/sw-05-08-15-19-26-29-construct-a-new-or-expanded-facility,2025-10-22T14:20:42-04:00
https://www.mass.gov/how-to/sw-06-10-20-operate-an-existing-facility,2025-10-22T14:20:54-04:00
https://www.mass.gov/how-to/sw-07-11-16-21-22-45-facility-modifications,2025-10-22T14:21:09-04:00
https://www.mass.gov/how-to/sw-49-certification-for-transfer-of-a-permit,2025-10-22T14:21:27-04:00
https://www.mass.gov/how-to/sw-12-23-25-landfill-assessment-corrective-action,2025-10-22T14:21:19-04:00
https://www.mass.gov/how-to/toxics-use-reduction-tur-online-reporting,2025-10-22T11:23:33-04:00
https://www.mass.gov/how-to/toxics-use-reduction-tur-online-planning,2025-10-22T11:23:54-04:00
https://www.mass.gov/how-to/sw-43-landfill-closure-completion,2025-10-22T14:21:43-04:00
https://www.mass.gov/how-to/sw-14-special-waste-determination,2025-10-22T14:21:53-04:00
https://www.mass.gov/how-to/sw-39-42-44-beneficial-use-determination-or-modification,2025-10-22T14:22:12-04:00
https://www.mass.gov/how-to/sw-32-33-35-solid-waste-demonstration-project,2025-10-22T14:22:02-04:00
https://www.mass.gov/how-to/notification-exempt-recycling-organics-management-activities,2025-10-22T14:22:23-04:00
https://www.mass.gov/how-to/sw-46-47-recycling-composting-or-conversion-rcc-operation-permit-modification-or-renewal,2025-10-22T14:24:22-04:00
https://www.mass.gov/how-to/third-party-inspection-forms-waste-ban-compliance,2025-10-22T14:24:12-04:00
https://www.mass.gov/how-to/third-party-inspection-forms-solid-waste-facility-operation-maintenance,2025-10-22T14:24:32-04:00
https://www.mass.gov/how-to/landfill-combustion-facility-annual-reporting,2025-10-22T14:24:42-04:00
https://www.mass.gov/how-to/construction-demolition-facility-annual-reporting,2025-10-22T14:24:54-04:00
https://www.mass.gov/how-to/handling-facility-transfer-station-annual-reporting,2025-10-22T14:30:34-04:00
https://www.mass.gov/how-to/ust-compliance-certification,2025-10-22T10:28:52-04:00
https://www.mass.gov/how-to/massdep-ust-third-party-inspector-certification-renewal,2025-10-22T10:27:39-04:00
https://www.mass.gov/how-to/get-the-massdep-recycling-iq-kit,2025-10-22T11:59:54-04:00
https://www.mass.gov/how-to/moses-102-business-services-basic-moses-training,2025-10-22T14:35:40-04:00
https://www.mass.gov/how-to/massdep-reduce-reuse-repair-micro-grant,2025-10-22T12:08:55-04:00
https://www.mass.gov/how-to/researcher-mcsr,2025-10-22T14:43:58-04:00
https://www.mass.gov/how-to/waste-reduction-innovation-grant,2025-10-22T12:08:42-04:00
https://www.mass.gov/info-details/massachusetts-law-about-surrogate-parenting,2025-10-22T12:11:02-04:00
https://www.mass.gov/info-details/judicial-performance-evaluation-committee,2025-10-22T11:00:09-04:00
https://www.mass.gov/info-details/dor-illegal-tobacco-task-force,2025-10-22T14:47:05-04:00
https://www.mass.gov/info-details/dor-criminal-investigations-bureau-cib,2025-10-22T17:12:47-04:00
https://www.mass.gov/info-details/how-where-to-recycle,2025-10-22T11:55:05-04:00
https://www.mass.gov/info-details/recycling-waste-reduction-help-for-cities-towns,2025-10-22T12:11:25-04:00
https://www.mass.gov/info-details/recycling-waste-reduction-help-for-businesses,2025-10-22T12:11:48-04:00
https://www.mass.gov/info-details/recycling-composting-for-kids-teachers-schools,2025-10-22T15:47:09-04:00
https://www.mass.gov/info-details/fuel-surcharge-for-vehicles-involuntarily-towed,2025-10-22T11:34:08-04:00
https://www.mass.gov/info-details/massdot-highway-initiating-a-project,2025-10-22T11:53:20-04:00
https://www.mass.gov/info-details/bradford-fellowship-program-overview,2025-10-22T15:12:30-04:00
https://www.mass.gov/info-details/find-an-mlp-annual-return,2025-10-22T12:23:06-04:00
https://www.mass.gov/info-details/don-pending-projects-and-applications,2025-10-22T09:59:16-04:00
https://www.mass.gov/info-details/build-a-recycling-or-composting-business,2025-10-22T12:12:24-04:00
https://www.mass.gov/info-details/financial-technical-assistance-for-anaerobic-digestion-projects,2025-10-22T11:38:37-04:00
https://www.mass.gov/info-details/municipal-reuse-repair-programs,2025-10-22T12:12:58-04:00
https://www.mass.gov/info-details/january-1-snapshot-dashboard,2025-10-22T14:39:43-04:00
https://www.mass.gov/info-details/municipal-vulnerability-preparedness-mvp-program-planning-reports,2025-10-22T11:54:10-04:00
https://www.mass.gov/info-details/dashboard-instructional-information,2025-10-22T14:33:17-04:00
https://www.mass.gov/info-details/dcr-watershed-forestry-projects,2025-10-22T15:31:32-04:00
https://www.mass.gov/info-details/admissions-dashboard,2025-10-22T14:38:03-04:00
https://www.mass.gov/info-details/releases-dashboard,2025-10-22T14:36:41-04:00
https://www.mass.gov/info-details/releases-to-community-dashboard,2025-10-22T14:34:28-04:00
https://www.mass.gov/info-details/mobile-friendly-january-1-snapshot-dashboard,2025-10-22T14:39:11-04:00
https://www.mass.gov/info-details/mobile-friendly-releases-to-community-dashboard,2025-10-22T14:35:26-04:00
https://www.mass.gov/info-details/mobile-friendly-admissions-dashboard,2025-10-22T14:37:30-04:00
https://www.mass.gov/info-details/mobile-friendly-releases-dashboard,2025-10-22T14:36:11-04:00
https://www.mass.gov/info-details/bus-companies-regulated-by-the-department-of-public-utilities-dpu,2025-10-22T11:47:13-04:00
https://www.mass.gov/info-details/towing-companies-regulated-by-the-department-of-public-utilities-dpu,2025-10-22T11:59:08-04:00
https://www.mass.gov/info-details/massgis-data-layers,2025-10-22T11:29:29-04:00
https://www.mass.gov/info-details/probate-and-family-court-petition-to-change-name-of-minor-cjp-25,2025-10-22T15:15:40-04:00
https://www.mass.gov/info-details/massgis-data-property-tax-parcels,2025-10-22T11:28:05-04:00
https://www.mass.gov/info-details/reuse-recycling-of-school-furniture-fixtures-equipment,2025-10-22T12:12:42-04:00
https://www.mass.gov/info-details/probate-and-family-court-counterclaim-for-divorce-cjd-202,2025-10-22T15:44:31-04:00
https://www.mass.gov/info-details/economic-development-incentive-program-edip,2025-10-22T11:36:42-04:00
https://www.mass.gov/info-details/demographic-profile-dashboard,2025-10-22T14:30:23-04:00
https://www.mass.gov/info-details/quick-guide-for-statewide-contract-vendors,2025-10-22T14:20:15-04:00
https://www.mass.gov/info-details/learn-about-masshealth-dental-benefits,2025-10-22T10:44:37-04:00
https://www.mass.gov/info-details/learn-about-masshealth-vision-care-services,2025-10-22T10:24:16-04:00
https://www.mass.gov/info-details/internships-at-dph,2025-10-22T13:44:13-04:00
https://www.mass.gov/info-details/utility-interconnection-in-massachusetts,2025-10-22T14:18:37-04:00
https://www.mass.gov/info-details/order-a-survey-plan-reproduction,2025-10-22T13:09:57-04:00
https://www.mass.gov/info-details/multi-family-zoning-requirement-for-mbta-communities,2025-10-22T13:52:01-04:00
https://www.mass.gov/info-details/lsp-meetings,2025-10-22T10:54:18-04:00
https://www.mass.gov/info-details/map-massachusetts-communities-that-provide-for-mattress-recycling,2025-10-22T11:46:16-04:00
https://www.mass.gov/info-details/solid-waste-facility-issues-workgroup,2025-10-22T12:59:22-04:00
https://www.mass.gov/info-details/public-library-initiative-list-of-partner-libraries,2025-10-22T16:09:57-04:00
https://www.mass.gov/info-details/current-meeting-materials-and-project-task-force-members-allston-multimodal-project,2025-10-22T10:25:47-04:00
https://www.mass.gov/info-details/community-health-equity-survey-mini-grantees,2025-10-22T14:27:44-04:00
https://www.mass.gov/info-details/recreational-saltwater-fishing-regulations,2025-10-22T14:55:54-04:00
https://www.mass.gov/info-details/boating-safety-course-schedule,2025-10-22T14:44:18-04:00
https://www.mass.gov/info-details/ohv-safety-certificate-course-schedule,2025-10-22T14:50:47-04:00
https://www.mass.gov/info-details/eligibility-for-people-age-65-and-older-and-people-who-need-long-term-care-services,2025-10-22T11:40:02-04:00
https://www.mass.gov/info-details/quick-statistics,2025-10-22T14:25:08-04:00
https://www.mass.gov/info-details/reports-by-category,2025-10-22T16:22:08-04:00
https://www.mass.gov/info-details/mdcs-veterans-program-testimonials,2025-10-22T05:00:25-04:00
https://www.mass.gov/info-details/review-reporting-area-information,2025-10-22T15:57:22-04:00
https://www.mass.gov/info-details/whats-new-massgis,2025-10-22T11:31:38-04:00
https://www.mass.gov/info-details/dua-ngon-ngu-viet-nam-vietnamese,2025-10-22T13:25:56-04:00
https://www.mass.gov/info-details/dua-hangugeo-korean,2025-10-22T13:03:55-04:00
https://www.mass.gov/info-details/find-a-bottle-can-redemption-center,2025-10-22T11:38:04-04:00
https://www.mass.gov/info-details/massachusetts-pesticide-board,2025-10-22T15:23:02-04:00
https://www.mass.gov/info-details/ovm-forms,2025-10-22T12:36:59-04:00
https://www.mass.gov/info-details/srmcb-minutes-and-meeting-notices,2025-10-22T13:08:36-04:00
https://www.mass.gov/info-details/judiciary-media-committee,2025-10-22T13:06:49-04:00
https://www.mass.gov/info-details/dsb-projects,2025-10-22T15:25:24-04:00
https://www.mass.gov/info-details/wheelabrator-saugus-inc-ash-landfill-saugus,2025-10-22T14:10:32-04:00
https://www.mass.gov/info-details/massdep-solid-waste-advisory-committee,2025-10-22T12:59:02-04:00
https://www.mass.gov/info-details/insurer-licensing-certified-reinsurers,2025-10-22T10:34:47-04:00
https://www.mass.gov/info-details/massdep-construction-demolition-subcommittee,2025-10-22T15:22:26-04:00
https://www.mass.gov/info-details/provider-online-service-center-posc-frequently-asked-questions,2025-10-22T11:45:08-04:00
https://www.mass.gov/info-details/massdep-organics-subcommittee,2025-10-22T12:59:48-04:00
https://www.mass.gov/info-details/masshealth-covered-services,2025-10-22T11:48:34-04:00
https://www.mass.gov/info-details/masshealth-enrollment-centers,2025-10-22T10:36:30-04:00
https://www.mass.gov/info-details/video-ust-data-management-system-introduction,2025-10-22T10:28:05-04:00
https://www.mass.gov/info-details/video-completing-the-ust-compliance-certification,2025-10-22T10:28:26-04:00
https://www.mass.gov/info-details/massachusetts-e-file-forms-publications-and-worksheets,2025-10-22T10:00:12-04:00
https://www.mass.gov/info-details/how-to-participate-in-massdep-solid-waste-permitting-decisions,2025-10-22T14:31:14-04:00
https://www.mass.gov/info-details/contact-a-masshire-veteran-employment-representative,2025-10-22T15:49:49-04:00
https://www.mass.gov/info-details/public-information-office-0,2025-10-22T17:11:36-04:00
https://www.mass.gov/info-details/environmental-justice-contacts,2025-10-22T12:16:52-04:00
https://www.mass.gov/info-details/massachusetts-pesticide-board-subcommittee,2025-10-22T11:00:01-04:00
https://www.mass.gov/info-details/std-information-for-healthcare-and-public-health-professionals,2025-10-22T13:59:29-04:00
https://www.mass.gov/info-details/massachusetts-department-of-revenue-dor-career-opportunities,2025-10-22T05:00:25-04:00
https://www.mass.gov/info-details/ask-your-municipality-about-a-low-cost-compost-bin,2025-10-22T11:38:20-04:00
https://www.mass.gov/info-details/massdep-reduce-reuse-rr-working-group,2025-10-22T11:40:25-04:00
https://www.mass.gov/info-details/flag-status,2025-10-22T11:12:42-04:00
https://www.mass.gov/info-details/massdep-recycling-market-development-workgroup,2025-10-22T11:45:17-04:00
https://www.mass.gov/info-details/zoom-video-chat-with-a-law-librarian,2025-10-22T15:17:31-04:00
https://www.mass.gov/info-details/executive-committee-meeting-information,2025-10-22T16:58:03-04:00
https://www.mass.gov/info-details/when-you-change-your-clocks-check-your-alarms,2025-10-22T10:35:00-04:00
https://www.mass.gov/info-details/masshealth-hospital-quality-and-equity-incentive-program-hqeip,2025-10-22T11:30:42-04:00
https://www.mass.gov/info-details/school-based-medicaid-program-revenue-data-by-local-educational-agency-lea,2025-10-22T08:24:21-04:00
https://www.mass.gov/info-details/professional-services-contract-user-guides,2025-10-22T12:23:28-04:00
https://www.mass.gov/info-details/re-ticketing-part-of-emergency-assistance-ea-family-shelter,2025-10-22T12:05:47-04:00
https://www.mass.gov/info-details/land-acquisition-for-forest-reserves-grant-program,2025-10-22T15:57:45-04:00
https://www.mass.gov/info-details/enrolling-into-mavric,2025-10-22T12:34:32-04:00
https://www.mass.gov/info-details/mavric-support-for-data-partners,2025-10-22T12:23:04-04:00
https://www.mass.gov/info-details/laboratories-capable-of-conducting-pyrrhotite-testing-and-examination,2025-10-22T13:49:20-04:00
https://www.mass.gov/info-details/navigating-dls-motor-vehicle-excise-resources,2025-10-22T09:56:58-04:00
https://www.mass.gov/info-details/understanding-and-analyzing-new-growth-part-2,2025-10-22T09:56:08-04:00
https://www.mass.gov/info-details/judicial-performance-evaluation-program-frequently-asked-questions,2025-10-22T10:57:21-04:00
https://www.mass.gov/info-details/cross-tracking-system-api-query-builder,2025-10-22T10:44:25-04:00
https://www.mass.gov/info-details/highly-recommended-opeb-trust-fund,2025-10-22T09:57:38-04:00
https://www.mass.gov/info-details/ask-dls-tax-title-reform-part-2,2025-10-22T09:58:12-04:00
https://www.mass.gov/info-details/court-service-center-community-calendars,2025-10-22T10:10:42-04:00
https://www.mass.gov/info-details/cross-tracking-system-api-query-builder-faqs,2025-10-22T10:38:36-04:00
https://www.mass.gov/info-details/massachusetts-city-town-recycling-links,2025-10-22T11:39:39-04:00
https://www.mass.gov/info-details/board-of-elevator-regulations-2025-meetings,2025-10-22T09:42:05-04:00
https://www.mass.gov/info-details/board-statement-on-recent-law-regarding-new-licensing-pathway,2025-10-22T15:20:46-04:00
https://www.mass.gov/info-details/energy-infrastructure-siting-and-permitting-reforms,2025-10-22T17:48:52-04:00
https://www.mass.gov/info-details/building-regulations-and-standards-bbrs-2025-advisory-committee-meetings,2025-10-22T16:06:35-04:00
https://www.mass.gov/info-details/faqs-about-unemployment-insurance-for-workers,2025-10-22T17:35:56-04:00
https://www.mass.gov/info-details/behavior-assessment-unit-bau-dashboard,2025-10-22T14:27:59-04:00
https://www.mass.gov/info-details/about-the-richmond-street-bridge-preservation-project,2025-10-22T12:35:11-04:00
https://www.mass.gov/info-details/traffic-and-construction-schedule-richmond-street-bridge-preservation-project,2025-10-22T12:36:55-04:00
https://www.mass.gov/info-details/understanding-and-analyzing-local-receipts,2025-10-22T09:48:15-04:00
https://www.mass.gov/info-details/understanding-local-government-revenue-sources,2025-10-22T09:50:01-04:00
https://www.mass.gov/info-details/how-collection-of-committed-real-and-personal-property-taxes-affects-free-cash,2025-10-22T09:51:17-04:00
https://www.mass.gov/info-details/massachusetts-means-business,2025-10-22T13:11:27-04:00
https://www.mass.gov/info-details/massachusetts-electric-rate-task-force,2025-10-22T20:28:09-04:00
https://www.mass.gov/info-details/glossary-of-ma-department-of-correction-terms,2025-10-22T14:24:00-04:00
https://www.mass.gov/info-details/smart-30-program-details,2025-10-22T14:49:09-04:00
https://www.mass.gov/info-details/court-required-duties-as-a-guardian-of-an-incapacitated-person,2025-10-22T12:39:17-04:00
https://www.mass.gov/info-details/obhpp-who-we-are,2025-10-22T16:01:33-04:00
https://www.mass.gov/info-details/olpa-know-us-before-you-need-us,2025-10-22T00:30:26-04:00
https://www.mass.gov/info-details/olpa-frequently-asked-questions,2025-10-22T15:34:49-04:00
https://www.mass.gov/info-details/leave-of-absence-liaisons,2025-10-22T00:30:26-04:00
https://www.mass.gov/info-details/olpa-how-to-reach-us,2025-10-22T15:35:16-04:00
https://www.mass.gov/info-details/berkshire-training-employment-program-osccwib-budgets-pvs-fy2026-fy2028,2025-10-22T15:17:31-04:00
https://www.mass.gov/info-details/brockton-area-wib-osccwib-budgets-pvs-fy2026-fy2028,2025-10-22T15:18:22-04:00
https://www.mass.gov/info-details/city-of-boston-osccwib-budgets-pvs-fy2026-fy2028,2025-10-22T15:22:25-04:00
https://www.mass.gov/info-details/franklin-hampshire-employment-training-consortium-osccwib-budgets-pvs-fy2026-fy2028,2025-10-22T15:19:07-04:00
https://www.mass.gov/info-details/job-training-employment-corporation-jtec-osccwib-budgets-pvs-fy2026-fy2028,2025-10-22T15:19:56-04:00
https://www.mass.gov/info-details/greater-new-bedford-area-workforce-investment-board-inc-osccwib-budgets-pvs-fy2026-fy2028,2025-10-22T15:20:41-04:00
https://www.mass.gov/info-details/hampden-county-workforce-board-osccwib-budgets-pvs-fy2026-fy2028,2025-10-22T15:24:01-04:00
https://www.mass.gov/info-details/north-central-wib-osccwib-budgets-pvs-fy2026-fy2028,2025-10-22T15:21:31-04:00
https://www.mass.gov/info-details/city-of-fall-river-osccwib-budgets-pvs-fy2026-fy2028,2025-10-22T15:23:10-04:00
https://www.mass.gov/info-details/test-stormsmart-properties-fact-sheet-2-controlling-overland-runoff-to-reduce-coastal-erosion,2025-10-22T10:03:40-04:00
https://www.mass.gov/info-details/non-domiciled-commercial-program,2025-10-22T14:33:40-04:00
https://www.mass.gov/info-details/test-stormsmart-properties-fact-sheet-3-planting-vegetation-to-reduce-erosion-and-storm-damage,2025-10-22T11:52:39-04:00
https://www.mass.gov/info-details/designer-connection-event-information,2025-10-22T09:57:35-04:00
https://www.mass.gov/info-details/foodborne-and-waterborne-illness-data,2025-10-22T15:47:06-04:00
https://www.mass.gov/info-details/applicants-seeking-renewal-of-certified-reinsurer-status,2025-10-22T07:58:37-04:00
https://www.mass.gov/info-details/instructions-for-completing-mpc-829-notice-of-intent-to-admit-to-a-nursing-facility-for-short-term-services-mpc-955,2025-10-22T12:35:29-04:00
https://www.mass.gov/info-details/umass-memorial-health-care-inc-significant-amendment,2025-10-22T09:58:05-04:00
https://www.mass.gov/info-details/test-stormsmart-properties-fact-sheet-4-bioengineering-coir-rolls-on-coastal-banks,2025-10-22T11:48:18-04:00
https://www.mass.gov/info-details/attorney-portal-terms-of-use,2025-10-22T11:22:01-04:00
https://www.mass.gov/info-details/instructions-for-conservator-inventory-mpc-934,2025-10-22T13:08:44-04:00
https://www.mass.gov/info-details/instructions-for-filing-a-change-of-name-of-minor-cjp-904,2025-10-22T15:14:59-04:00
https://www.mass.gov/info-details/school-based-behavioral-health-evaluation-intern,2025-10-22T13:46:00-04:00
https://www.mass.gov/info-details/instructions-for-filing-a-counterclaim-for-divorce-cjd-906,2025-10-22T15:44:03-04:00
https://www.mass.gov/info-details/community-birth-integration,2025-10-22T15:35:34-04:00
https://www.mass.gov/info-details/career-center-seminar-on-demand-video-reports,2025-10-22T16:24:13-04:00
https://www.mass.gov/info-details/dcms-tip-sheet-volume-1-edition-1-new-dcamm-contractor-management-system,2025-10-22T17:43:31-04:00
https://www.mass.gov/locations/braintree-rmv-service-center,2025-10-22T15:06:18-04:00
https://www.mass.gov/locations/brockton-rmv-service-center,2025-10-22T15:09:37-04:00
https://www.mass.gov/locations/easthampton-rmv-service-center,2025-10-22T15:47:05-04:00
https://www.mass.gov/locations/greenfield-rmv-service-center,2025-10-22T15:48:50-04:00
https://www.mass.gov/locations/haverhill-rmv-service-center,2025-10-22T15:50:28-04:00
https://www.mass.gov/locations/lawrence-rmv-service-center,2025-10-22T15:11:16-04:00
https://www.mass.gov/locations/leominster-rmv-service-center,2025-10-22T15:11:44-04:00
https://www.mass.gov/locations/lowell-rmv-service-center,2025-10-22T15:51:02-04:00
https://www.mass.gov/locations/new-bedford-rmv-service-center,2025-10-22T15:17:22-04:00
https://www.mass.gov/locations/wilmington-rmv-service-center,2025-10-22T15:02:06-04:00
https://www.mass.gov/locations/fall-river-rmv-service-center,2025-10-22T15:10:43-04:00
https://www.mass.gov/locations/springfield-rmv-service-center,2025-10-22T15:18:31-04:00
https://www.mass.gov/locations/worcester-rmv-service-center,2025-10-22T14:29:37-04:00
https://www.mass.gov/locations/danvers-rmv-service-center,2025-10-22T15:45:20-04:00
https://www.mass.gov/news/third-quarter-2019-enforcement-bulletin,2025-10-22T12:39:31-04:00
https://www.mass.gov/news/circular-letter-dcp-23-10-121-pharmacist-prescribing-and-dispensing-of-hormonal-contraceptive,2025-10-22T14:14:44-04:00
https://www.mass.gov/news/guidance-regarding-naturopathy-scope-of-practice-february-2024,2025-10-22T14:10:38-04:00
https://www.mass.gov/news/bhpl-warns-of-increase-in-fraudulent-communications,2025-10-22T14:16:28-04:00
https://www.mass.gov/news/celebrate-our-massachusetts-constitution,2025-10-22T11:05:14-04:00
https://www.mass.gov/news/massachusetts-department-of-correction-and-boston-college-announce-expansion-of-undergraduate-program-to-mci-framingham,2025-10-22T11:09:42-04:00
https://www.mass.gov/news/massachusetts-board-of-medicine-takes-disciplinary-action-october-9-2025,2025-10-22T11:00:12-04:00
https://www.mass.gov/news/blog-post-celebrate-our-massachusetts-constitution,2025-10-22T11:21:53-04:00
https://www.mass.gov/news/governor-healey-welcomes-delegation-from-hokkaido-japan-on-35th-anniversary-of-hokkaido-massachusetts-sister-state-agreement,2025-10-22T13:06:28-04:00
https://www.mass.gov/news/governor-healey-nominates-hon-jennifer-allen-to-the-appeals-court,2025-10-22T13:11:10-04:00
https://www.mass.gov/news/cybersecurity-awareness-month-keep-yourself-safe,2025-10-22T13:36:24-04:00
https://www.mass.gov/news/healey-driscoll-administration-awards-15-million-to-community-colleges-to-train-over-500-students-across-massachusetts,2025-10-22T14:20:31-04:00
https://www.mass.gov/orgs/division-of-marine-fisheries,2025-10-22T15:46:47-04:00
https://www.mass.gov/orgs/massachusetts-department-of-correction,2025-10-22T14:43:41-04:00
https://www.mass.gov/orgs/human-resources,2025-10-22T02:00:33-04:00
https://www.mass.gov/orgs/board-of-registration-in-medicine,2025-10-22T10:57:53-04:00
https://www.mass.gov/orgs/bureau-of-infectious-disease-and-laboratory-sciences,2025-10-22T10:10:31-04:00
https://www.mass.gov/orgs/energy-transformation-advisory-board,2025-10-22T15:28:35-04:00
https://www.mass.gov/regulations/310-CMR-7000-environmental-results-program-erp-certification,2025-10-22T10:19:45-04:00
https://www.mass.gov/regulations/310-CMR-1600-site-assignment-for-solid-waste-facilities,2025-10-22T14:35:49-04:00
https://www.mass.gov/regulations/310-CMR-19000-solid-waste-facility-regulations,2025-10-22T14:35:36-04:00
https://www.mass.gov/regulations/310-CMR-1700-recycling-industries-reimbursement-credit-grants,2025-10-22T11:40:00-04:00
https://www.mass.gov/regulations/310-CMR-7300-amalgam-wastewater-recycling-regulations-for-dental-facilities,2025-10-22T10:09:45-04:00
https://www.mass.gov/regulations/310-CMR-7400-removal-recycling-of-mercury-added-vehicle-components,2025-10-22T10:10:14-04:00
https://www.mass.gov/regulations/310-CMR-7500-mercury-added-product-regulations,2025-10-22T10:20:36-04:00
https://www.mass.gov/regulations/310-CMR-7600-mercury-added-product-disposal-ban,2025-10-22T10:15:34-04:00
https://www.mass.gov/regulations/310-CMR-5000-toxics-use-reduction,2025-10-22T11:25:51-04:00
https://www.mass.gov/regulations/310-CMR-8000-underground-storage-tank-ust-systems,2025-10-22T10:47:44-04:00
https://www.mass.gov/regulations/310-CMR-3300-employee-community-right-to-know,2025-10-22T10:55:06-04:00
https://www.mass.gov/regulations/310-CMR-7700-collection-recycling-of-mercury-added-thermostats,2025-10-22T10:16:19-04:00
https://www.mass.gov/regulations/209-CMR-4600-new-community-reinvestment,2025-10-22T11:22:11-04:00
https://www.mass.gov/regulations/209-CMR-4800-new-licensee-record-keeping,2025-10-22T11:21:04-04:00
https://www.mass.gov/regulations/209-CMR-4900-new-insurance-sales-for-banks-credit-unions-and-lenders,2025-10-22T11:17:19-04:00
https://www.mass.gov/regulations/209-CMR-5000-new-parity-with-federal-credit-unions,2025-10-22T11:52:43-04:00
https://www.mass.gov/regulations/209-CMR-5300-new-determination-and-documentation-of-borrowers-interest,2025-10-22T12:01:02-04:00
https://www.mass.gov/regulations/209-CMR-5400-new-mortgage-lender-community-investment,2025-10-22T12:05:03-04:00
https://www.mass.gov/regulations/209-CMR-5500-new-reverse-mortgage-loans,2025-10-22T12:12:18-04:00
https://www.mass.gov/regulations/209-CMR-5700-new-flood-insurance,2025-10-22T12:16:21-04:00
https://www.mass.gov/regulations/209-CMR-5600-new-foreclosure-prevention-options,2025-10-22T12:21:07-04:00
https://www.mass.gov/regulations/209-CMR-5800-new-credit-union-branching,2025-10-22T13:27:58-04:00
https://www.mass.gov/trial-court-rules/trial-court-rule-xiv-uniform-rules-on-public-access-to-court-records,2025-10-22T11:28:42-04:00
https://www.mass.gov/trial-court-rules/uniform-rules-on-public-access-to-court-records-rule-5-remote-access-to-electronic-court-records,2025-10-22T11:25:27-04:00
https://www.mass.gov/deposit-bottle-can-recycling,2025-10-22T11:54:49-04:00
https://www.mass.gov/recycle-fluorescent-light-bulbs-other-mercury-products,2025-10-22T11:54:29-04:00
https://www.mass.gov/accounting-guidance-and-oversight,2025-10-22T10:21:54-04:00
https://www.mass.gov/recycling-waste-grants-loans,2025-10-22T11:57:23-04:00
https://www.mass.gov/other-regulated-entities,2025-10-22T14:34:05-04:00
https://www.mass.gov/recycling-reuse,2025-10-22T11:40:11-04:00
https://www.mass.gov/senior-care-options,2025-10-22T11:49:57-04:00
https://www.mass.gov/mercury-lead-other-toxics,2025-10-22T10:16:54-04:00
https://www.mass.gov/solid-waste-facilities,2025-10-22T12:58:48-04:00
https://www.mass.gov/recycling-waste-permitting-reporting,2025-10-22T11:45:30-04:00
https://www.mass.gov/composting-organics,2025-10-22T11:57:09-04:00
https://www.mass.gov/civil-service-for-veterans,2025-10-22T05:00:25-04:00
https://www.mass.gov/foodborne-illness,2025-10-22T15:48:17-04:00
https://www.mass.gov/perinatal-and-maternal-health,2025-10-22T15:42:21-04:00
https://www.mass.gov/recycling-help-for-your-business-community-or-school,2025-10-22T11:56:54-04:00
https://www.mass.gov/new-as-of-june-2025-mavric-for-death-registration,2025-10-22T12:29:12-04:00
https://www.mass.gov/waterborne-illness,2025-10-22T15:50:02-04:00
https://www.mass.gov/milton-route-28-road-diet-pilot,2025-10-22T14:07:24-04:00
https://www.mass.gov/topics/pharmaceutical-licensing,2025-10-22T14:08:34-04:00
